FCA090 ,Amel,FCA043 ,FCA124,F124,FCA096 ,FCA275,FCA391,FCA126 
"108,108","195,216","118,120","125,131","150,178","176,176","120,122","212,212","135,137"
"102,104","195,216","116,120","129,135","174,174","190,200","114,114","208,212","127,139"
"102,104","216,216","116,120","133,143","170,174","176,178","120,120","192,208","117,127"
"108,110","195,216","116,120","129,131","166,174","174,176","120,120","208,208","127,135"
"102,108","195,216","120,122","129,131","150,174","176,200","120,120","204,208","133,137"
"102,110","195,216","122,122","127,131","166,170","174,176","120,120","204,208","129,129"
"106,106","216,216","120,122","129,145","154,174","176,200","120,122","208,208","129,137"
"102,110","216,216","120,120","129,143","154,182","176,176","120,120","204,208","135,135"
"104,108","216,216","120,122","127,129","166,170","176,178","120,120","208,208","117,135"
"104,110","216,216","120,122","129,135","174,174","176,182","120,120","192,212","129,133"
"102,104","216,216","116,122","129,137","166,170","176,178","114,120","208,212","127,129"
"104,110","195,216","116,120","129,143","154,166","176,178","120,120","204,208","127,129"
"108,112","195,216","120,120","131,135","170,170","190,190","120,122","192,208","127,133"
"102,110","195,216","120,122","143,143","166,170","178,200","120,122","208,212","127,137"
"100,104","195,216","122,122","131,135","166,178","182,182","114,126","204,212","117,135"
"102,106","216,216","120,120","129,143","162,162","178,200","120,120","208,212","135,137"
"106,110","216,216","120,120","131,131","170,186","174,200","120,120","212,212","133,137"
"102,110","216,216","116,120","127,129","166,174","174,178","120,120","208,212","117,129"
"104,108","195,216","118,122","127,127","166,166","174,176","120,126","212,220","135,135"
"104,110","216,216","116,116","131,135","166,166","174,176","120,128","192,212","127,135"
"104,108","195,216","120,120","131,133","170,178","174,176","120,120","208,212","135,135"
"102,108","216,216","120,120","129,135","174,186","178,190","120,120","204,208","135,137"
"102,108","216,216","116,120","129,131","170,174","178,192","120,120","192,208","129,139"
"102,104","216,216","120,122","129,135","170,174","182,190","120,120","208,208","129,137"
"104,104","195,216","120,120","135,135","170,178","176,178","120,122","208,212","127,133"
"102,102","216,216","120,124","129,133","166,170","174,176","120,120","192,208","133,133"
"102,106","216,216","122,122","129,133","166,178","190,200","120,120","208,208","117,137"
"102,102","195,216","120,122","135,135","174,178","176,192","120,120","208,212","117,129"
"106,108","195,216","120,122","129,129","162,166","176,178","114,120","208,220","133,135"
"102,110","216,216","120,122","133,133","150,166","182,182","120,122","192,208","117,133"
"106,110","195,216","114,122","131,135","166,166","174,178","120,120","208,212","127,127"
"108,110","216,216","120,120","129,143","159,166","174,178","122,128","192,208","133,137"
"108,110","195,216","120,122","133,135","174,186","176,190","114,120","196,204","117,133"
"102,102","216,216","120,120","127,133","166,174","176,200","120,120","192,208","135,135"
"102,104","216,216","120,122","133,137","166,178","174,190","120,120","208,212","135,137"
"102,108","216,216","120,120","129,129","170,186","174,182","120,120","192,212","129,135"
"100,108","195,216","118,122","127,129","174,174","182,182","120,120","192,192","135,137"
"108,108","195,216","116,122","127,131","170,174","176,192","120,120","208,212","135,137"
"104,108","216,216","120,120","133,143","166,186","176,178","120,120","208,208","135,135"
"102,112","195,216","120,122","135,145","166,166","176,176","120,120","208,212","133,135"
"110,110","195,216","116,120","129,135","166,170","176,178","120,120","204,208","127,135"
"102,106","216,216","120,122","129,135","162,186","176,176","120,132","204,208","129,137"
"102,108","195,216","116,120","129,129","170,186","176,178","120,122","212,212","129,137"
"102,102","216,216","116,120","131,143","166,174","174,176","120,122","204,208","129,135"
"102,102","195,216","120,120","129,135","150,170","192,192","122,132","196,220","127,131"
"104,104","195,216","120,122","129,135","174,178","190,190","120,120","192,212","127,133"
"104,106","216,216","120,120","127,129","162,174","176,192","120,120","208,212","129,133"
"106,108","195,216","116,122","127,127","162,170","182,190","122,122","192,196","127,137"
"102,104","195,216","120,122","129,143","166,174","176,176","120,120","204,204","127,135"
"106,110","195,216","120,124","127,131","150,174","174,182","120,120","208,212","133,135"
"102,110","216,216","116,120","127,137","162,162","174,176","132,132","192,208","135,137"
"102,104","195,216","120,122","125,135","166,174","174,200","120,120","192,204","127,143"
"102,104","216,216","116,120","135,135","174,174","174,176","120,132","208,212","127,137"
"100,104","216,216","120,122","127,129","166,170","174,176","122,130","208,212","117,135"
"102,102","-9,-9","-9,-9","-9,-9","-9,-9","176,182","120,122","196,204","129,133"
"100,104","195,216","120,120","127,129","162,170","174,176","120,132","208,212","129,135"
"104,104","216,216","114,116","129,135","166,186","174,176","120,120","192,212","129,133"
"100,100","216,216","120,122","133,135","170,170","174,174","114,126","192,212","129,129"
"102,102","195,216","116,120","129,131","166,174","176,176","122,132","204,212","129,137"
"102,104","216,216","116,120","127,129","166,178","176,176","120,120","212,212","127,129"
"104,104","216,216","120,122","129,135","170,186","182,190","120,120","208,220","117,133"
"102,106","216,216","120,120","127,131","166,178","190,192","120,120","192,192","135,137"
"104,108","195,216","116,120","129,133","174,186","176,176","120,120","208,212","117,133"
"104,110","195,216","122,122","129,137","162,186","-9,-9","120,120","208,208","133,135"
"102,104","195,216","116,122","129,135","174,186","190,192","120,122","208,208","127,133"
"102,104","195,216","116,122","133,137","162,162","174,176","120,120","192,208","127,135"
"106,110","216,216","122,122","133,135","166,166","178,190","120,120","192,208","127,133"
"102,108","195,216","120,120","129,137","174,178","176,176","120,132","192,208","129,129"
"106,108","216,216","120,120","129,129","166,186","178,200","120,126","204,212","137,137"
"102,110","216,216","120,122","129,135","154,170","174,192","114,120","208,212","127,127"
"102,106","195,216","120,120","129,135","174,182","176,200","114,122","192,212","135,135"
"104,104","195,216","120,122","129,143","150,162","190,190","114,120","208,212","129,135"
"102,102","216,216","120,122","129,137","166,174","178,194","120,128","212,212","137,139"
"108,108","195,216","120,120","129,143","174,174","174,178","132,132","208,208","133,135"
"104,108","216,216","120,120","129,135","170,174","174,178","120,122","192,208","127,133"
"102,104","195,216","116,120","143,143","166,186","176,180","120,120","208,208","127,135"
"100,102","195,216","120,120","135,137","174,174","174,176","114,122","212,212","127,135"
"102,102","216,216","116,120","135,143","174,174","176,182","120,122","208,212","127,127"
"104,106","216,216","118,122","129,129","166,178","176,182","120,122","192,208","133,135"
"102,104","195,216","116,122","125,129","162,174","174,176","120,122","208,212","117,129"
"102,106","195,216","120,122","127,129","170,174","174,176","120,122","192,208","133,139"
"102,102","195,216","120,120","129,129","166,178","174,194","120,132","200,208","117,135"
"106,108","195,216","120,122","135,143","178,186","182,200","120,120","204,212","127,135"
"106,106","216,216","116,120","129,129","166,178","174,174","120,120","192,212","137,137"
"104,108","216,216","120,122","129,145","166,178","176,190","120,120","192,208","117,137"
"102,106","216,216","120,120","135,135","174,182","176,190","120,122","208,212","133,133"
"102,104","216,216","120,120","131,137","154,166","176,194","122,132","212,212","127,127"
"106,108","195,216","116,120","131,133","170,170","176,192","120,120","208,208","127,127"
"106,106","195,216","116,122","129,131","166,174","176,192","120,120","208,208","127,137"
"106,110","216,216","120,122","135,137","174,186","174,178","120,120","204,212","127,137"
"104,106","195,216","120,122","129,135","166,174","-9,-9","120,120","212,212","127,127"
"104,106","216,216","122,122","-9,-9","166,182","176,178","122,126","212,212","129,137"
"102,108","195,216","118,120","129,135","166,174","190,190","114,120","212,212","135,135"
"108,110","195,216","120,120","133,135","166,174","174,176","120,120","208,208","129,141"
"102,104","216,216","120,124","131,137","174,182","176,176","120,122","208,220","129,133"
"102,104","195,216","120,122","129,133","150,170","174,176","114,122","212,212","133,137"
"104,106","195,216","116,122","129,131","166,178","174,176","120,122","208,208","135,137"
"102,104","195,216","116,120","129,129","154,174","190,200","120,120","192,212","129,137"
"110,110","216,216","120,122","129,135","166,178","190,196","114,120","208,212","135,135"
"102,112","195,216","116,122","131,135","170,174","182,192","122,132","192,208","127,129"
"100,108","195,216","120,122","127,135","166,182","176,176","120,120","208,212","133,133"
"108,110","195,216","120,120","129,143","154,166","176,182","120,120","204,208","129,129"
"102,108","195,216","120,120","131,137","162,166","176,176","120,122","204,208","127,127"
"104,108","195,216","120,120","129,145","166,178","176,190","120,120","212,220","133,133"
"106,106","195,216","120,120","129,129","154,174","174,190","120,120","208,212","127,129"
"102,104","195,216","114,120","129,133","166,174","176,176","120,120","208,212","127,133"
"102,104","195,216","120,120","129,135","162,174","176,178","122,122","192,192","117,137"
"102,108","195,216","116,122","129,135","154,174","190,192","120,122","192,192","127,133"
"100,110","216,216","120,120","133,137","150,174","178,192","120,120","192,192","127,127"
"104,112","216,216","122,122","133,143","166,174","176,180","120,120","208,212","133,137"
"108,110","195,216","120,122","133,133","170,174","176,176","114,120","208,220","133,133"
"104,104","195,216","120,122","135,135","159,174","176,190","120,120","208,212","133,141"
"102,106","216,216","120,120","129,137","166,174","176,200","120,122","196,208","129,133"
"104,108","216,216","120,120","131,133","154,166","176,182","120,120","208,212","127,135"
"106,108","216,216","118,120","129,131","170,170","174,190","120,122","212,220","129,135"
"102,104","195,216","120,122","129,137","174,174","174,176","120,120","192,212","127,127"
"104,110","195,216","120,120","127,127","174,182","178,190","120,120","208,208","117,127"
"104,110","195,216","120,120","129,143","166,170","176,178","120,122","196,212","127,129"
